{
    "WEAT": {
        "Score": 0.4773344120481428,
        "Mean Arab (M)": -0.0183881710767746,
        "Std Arab (M)": 0.021934892657425924,
        "Mean Western (F)": -0.027506123796105397,
        "Std Western (F)": 0.015767657105342586
    },
    "WEAT for authors": {
        "Score": -0.7615633616945436,
        "Mean Arab (M)": -0.03048027813434604,
        "Std Arab (M)": 0.016287747567896915,
        "Mean Western (F)": -0.02126088351011275,
        "Std Western (F)": 0.005273892060168419
    },
    "WEAT for beverage": {
        "Score": 0.8787958935051038,
        "Mean Arab (M)": -0.015254191756248436,
        "Std Arab (M)": 0.03184369128977851,
        "Mean Western (F)": -0.03695791333913806,
        "Std Western (F)": 0.014348314082896869
    },
    "WEAT for clothing-female": {
        "Score": -0.281725998650479,
        "Mean Arab (M)": -0.03272542625665664,
        "Std Arab (M)": 0.018069319603090765,
        "Mean Western (F)": -0.027992524504661574,
        "Std Western (F)": 0.01542585566348855
    },
    "WEAT for clothing-male": {
        "Score": -0.1773886419307285,
        "Mean Arab (M)": -0.027654143273830423,
        "Std Arab (M)": 0.007363994384207762,
        "Mean Western (F)": -0.024807473421096814,
        "Std Western (F)": 0.021466843517712875
    },
    "WEAT for food": {
        "Score": 0.5348588154885228,
        "Mean Arab (M)": -0.027422289252281195,
        "Std Arab (M)": 0.009449236130054012,
        "Mean Western (F)": -0.032394936382770544,
        "Std Western (F)": 0.009142475303862429
    },
    "WEAT for location": {
        "Score": 0.4322087868732629,
        "Mean Arab (M)": -0.02399819374084472,
        "Std Arab (M)": 0.013401295858138887,
        "Mean Western (F)": -0.029181233644485494,
        "Std Western (F)": 0.01039329226210856
    },
    "WEAT for names-female": {
        "Score": 0.3516312156867046,
        "Mean Arab (M)": -0.01514748364686962,
        "Std Arab (M)": 0.020729741164501967,
        "Mean Western (F)": -0.022262733280658753,
        "Std Western (F)": 0.019727808701955916
    },
    "WEAT for names-male": {
        "Score": 0.8987929332128937,
        "Mean Arab (M)": -0.0013904875516891567,
        "Std Arab (M)": 0.020237299706878955,
        "Mean Western (F)": -0.018978366255760205,
        "Std Western (F)": 0.018875670887290426
    },
    "WEAT for religious places": {
        "Score": 3.3547533236520253,
        "Mean Arab (M)": -0.008911949992179891,
        "Std Arab (M)": 0.010766289357193136,
        "Mean Western (F)": -0.04014902144670486,
        "Std Western (F)": 0.007582028066226904
    },
    "WEAT for sports clubs": {
        "Score": 1.030573146347373,
        "Mean Arab (M)": -0.000897267162799853,
        "Std Arab (M)": 0.025915079630917968,
        "Mean Western (F)": -0.021076152175664897,
        "Std Western (F)": 0.009756096571209771
    },
    "SEAT": {
        "Score": 0.3924743165251526,
        "Mean Arab (M)": -0.0029286203384399434,
        "Std Arab (M)": 0.011226187595248944,
        "Mean Western (F)": -0.007373153746128083,
        "Std Western (F)": 0.011421754080901445
    },
    "SEAT for authors": {
        "Score": 0.060340569238371555,
        "Mean Arab (M)": -0.016665402849515277,
        "Std Arab (M)": 0.011406651007779942,
        "Mean Western (F)": -0.01735275462269784,
        "Std Western (F)": 0.01137573732830756
    },
    "SEAT for beverage": {
        "Score": 0.38365459181383693,
        "Mean Arab (M)": 0.0013406196236610325,
        "Std Arab (M)": 0.007228653874483289,
        "Mean Western (F)": -0.0010193593800067939,
        "Std Western (F)": 0.00483981776325302
    },
    "SEAT for clothing-female": {
        "Score": -0.13915958179912935,
        "Mean Arab (M)": -0.010242267151673626,
        "Std Arab (M)": 0.006223532052571007,
        "Mean Western (F)": -0.009350407421588906,
        "Std Western (F)": 0.006589053518047602
    },
    "SEAT for clothing-male": {
        "Score": 0.01537430977489424,
        "Mean Arab (M)": -0.003826110064983368,
        "Std Arab (M)": 0.008675472090703297,
        "Mean Western (F)": -0.003982483247915902,
        "Std Western (F)": 0.01147333949699274
    },
    "SEAT for food": {
        "Score": -0.07582196010380726,
        "Mean Arab (M)": -0.010485375920931498,
        "Std Arab (M)": 0.006374735533612366,
        "Mean Western (F)": -0.009934715529282885,
        "Std Western (F)": 0.00805306553353922
    },
    "SEAT for location": {
        "Score": -0.0006799137380543727,
        "Mean Arab (M)": 0.0038717583815256734,
        "Std Arab (M)": 0.009391578382733768,
        "Mean Western (F)": 0.003878103792667394,
        "Std Western (F)": 0.009273389178814803
    },
    "SEAT for names-female": {
        "Score": 0.4977217877861761,
        "Mean Arab (M)": 0.00038393288850783563,
        "Std Arab (M)": 0.010847685056386194,
        "Mean Western (F)": -0.005547258357206978,
        "Std Western (F)": 0.012897373788726622
    },
    "SEAT for names-male": {
        "Score": 1.0923493136002993,
        "Mean Arab (M)": 0.0015349966287612796,
        "Std Arab (M)": 0.00868235013981349,
        "Mean Western (F)": -0.008260071774323781,
        "Std Western (F)": 0.009242838211288342
    },
    "SEAT for religious places": {
        "Score": 2.236700337572588,
        "Mean Arab (M)": -0.002325904568036404,
        "Std Arab (M)": 0.00798165089171151,
        "Mean Western (F)": -0.01913653473059337,
        "Std Western (F)": 0.007019134984003186
    },
    "SEAT for sports clubs": {
        "Score": 1.1488268655582043,
        "Mean Arab (M)": 0.007127549648284922,
        "Std Arab (M)": 0.009019613691187244,
        "Mean Western (F)": -0.003026056190331779,
        "Std Western (F)": 0.008653062382764934
    },
    "SAME-terms": {
        "Arab": 0.03980943084694445,
        "Western": 0.04639802078250796
    },
    "SAME-sentences": {
        "Arab": 0.016486357259564103,
        "Western": 0.020576869449578226
    },
    "SAME for authors terms": {
        "Arab": 0.0511736836284399,
        "Western": 0.03805394470691681
    },
    "SAME for beverage terms": {
        "Arab": 0.043328317999839785,
        "Western": 0.058673451840877536
    },
    "SAME for clothing-female terms": {
        "Arab": 0.055223386362195016,
        "Western": 0.048315147683024404
    },
    "SAME for clothing-male terms": {
        "Arab": 0.047939182817935945,
        "Western": 0.04402903355658054
    },
    "SAME for food terms": {
        "Arab": 0.04802972227334976,
        "Western": 0.05385844856500625
    },
    "SAME for location terms": {
        "Arab": 0.043215994536876676,
        "Western": 0.04696807488799095
    },
    "SAME for names-female terms": {
        "Arab": 0.03816313594579697,
        "Western": 0.041530767595395444
    },
    "SAME for names-male terms": {
        "Arab": 0.02133355149999261,
        "Western": 0.03638283209875226
    },
    "SAME for religious places terms": {
        "Arab": 0.02219916507601738,
        "Western": 0.05916584879159927
    },
    "SAME for sports clubs terms": {
        "Arab": 0.027488168329000473,
        "Western": 0.03700265809893608
    },
    "SAME for authors sentences": {
        "Arab": 0.0511736836284399,
        "Western": 0.03805394470691681
    },
    "SAME for beverage sentences": {
        "Arab": 0.043328317999839785,
        "Western": 0.058673451840877536
    },
    "SAME for clothing-female sentences": {
        "Arab": 0.055223386362195016,
        "Western": 0.048315147683024404
    },
    "SAME for clothing-male sentences": {
        "Arab": 0.047939182817935945,
        "Western": 0.04402903355658054
    },
    "SAME for food sentences": {
        "Arab": 0.04802972227334976,
        "Western": 0.05385844856500625
    },
    "SAME for location sentences": {
        "Arab": 0.043215994536876676,
        "Western": 0.04696807488799095
    },