{
    "WEAT": {
        "Score": 0.6517967801155382,
        "Mean Arab (M)": -0.018587828008458013,
        "Std Arab (M)": 0.012773484289024934,
        "Mean Western (F)": -0.020611896280199285,
        "Std Western (F)": 0.009782648242083922
    },
    "WEAT for authors": {
        "Score": 1.0124712847064088,
        "Mean Arab (M)": -0.018069226033985603,
        "Std Arab (M)": 0.00664495774779832,
        "Mean Western (F)": -0.01617559727281332,
        "Std Western (F)": 0.004334634119893432
    },
    "WEAT for beverage": {
        "Score": 1.0496710900665682,
        "Mean Arab (M)": -0.02267015168443321,
        "Std Arab (M)": 0.013840797913922316,
        "Mean Western (F)": -0.025332455541938526,
        "Std Western (F)": 0.009425702394590495
    },
    "WEAT for clothing-female": {
        "Score": 0.29055750403788316,
        "Mean Arab (M)": -0.023773721531033527,
        "Std Arab (M)": 0.011607814535957866,
        "Mean Western (F)": -0.021134942937642332,
        "Std Western (F)": 0.009037292727319915
    },
    "WEAT for clothing-male": {
        "Score": -0.41745255290502303,
        "Mean Arab (M)": -0.025237454194575536,
        "Std Arab (M)": 0.009255015010460586,
        "Mean Western (F)": -0.02388840602710842,
        "Std Western (F)": 0.01034379792192068
    },
    "WEAT for food": {
        "Score": -0.12035181691839014,
        "Mean Arab (M)": -0.025686872303485857,
        "Std Arab (M)": 0.010588842604719576,
        "Mean Western (F)": -0.022312886510044327,
        "Std Western (F)": 0.009678147678050385
    },
    "WEAT for location": {
        "Score": 0.0751057434109943,
        "Mean Arab (M)": -0.019356225691735743,
        "Std Arab (M)": 0.009349584155558184,
        "Mean Western (F)": -0.020432473570108425,
        "Std Western (F)": 0.009523930888471985
    },
    "WEAT for names-female": {
        "Score": 0.8416349274897488,
        "Mean Arab (M)": -0.015556975658982983,
        "Std Arab (M)": 0.016012835800115297,
        "Mean Western (F)": -0.020365168694406757,
        "Std Western (F)": 0.0112318248845986
    },
    "WEAT for names-male": {
        "Score": 0.8860272174150838,
        "Mean Arab (M)": -0.005711672771722076,
        "Std Arab (M)": 0.014672637640155368,
        "Mean Western (F)": -0.012661930620670312,
        "Std Western (F)": 0.009928582256117152
    },
    "WEAT for religious places": {
        "Score": 2.993542213734858,
        "Mean Arab (M)": -0.015602084565907712,
        "Std Arab (M)": 0.0067660046550288505,
        "Mean Western (F)": -0.024284149156883362,
        "Std Western (F)": 0.004582351903189921
    },
    "WEAT for sports clubs": {
        "Score": 0.6679427777491138,
        "Mean Arab (M)": -0.014213895648717884,
        "Std Arab (M)": 0.010790054386471298,
        "Mean Western (F)": -0.019530952470377085,
        "Std Western (F)": 0.009837995401476245
    },
    "SEAT": {
        "Score": 0.33229660144141127,
        "Mean Arab (M)": -0.007528751021251083,
        "Std Arab (M)": 0.005925160439417757,
        "Mean Western (F)": -0.008596032968908549,
        "Std Western (F)": 0.005362675161678326
    },
    "SEAT for authors": {
        "Score": 0.10487548133919189,
        "Mean Arab (M)": -0.012092691410332918,
        "Std Arab (M)": 0.005230010050929591,
        "Mean Western (F)": -0.012187956994399429,
        "Std Western (F)": 0.005042494525396391
    },
    "SEAT for beverage": {
        "Score": 0.1309257660747647,
        "Mean Arab (M)": -0.007081750156357882,
        "Std Arab (M)": 0.004839643376042019,
        "Mean Western (F)": -0.007151382368057966,
        "Std Western (F)": 0.004485860915222521
    },
    "SEAT for clothing-female": {
        "Score": -0.2226461005490472,
        "Mean Arab (M)": -0.010904270745813844,
        "Std Arab (M)": 0.00510102030237366,
        "Mean Western (F)": -0.010793059259653091,
        "Std Western (F)": 0.005636007703300772
    },
    "SEAT for clothing-male": {
        "Score": 0.09900151074117214,
        "Mean Arab (M)": -0.009206094225868582,
        "Std Arab (M)": 0.005103019262676908,
        "Mean Western (F)": -0.010142404820770022,
        "Std Western (F)": 0.0053295524473168454
    },
    "SEAT for food": {
        "Score": -0.23914047205025968,
        "Mean Arab (M)": -0.012957909274846316,
        "Std Arab (M)": 0.003980206250622122,
        "Mean Western (F)": -0.01231489408761263,
        "Std Western (F)": 0.004082582729608009
    },
    "SEAT for locations": {
        "Score": -0.07850358124042489,
        "Mean Arab (M)": -0.004749784467741849,
        "Std Arab (M)": 0.004242380435873212,
        "Mean Western (F)": -0.0044752292726188865,
        "Std Western (F)": 0.00429855838250659
    },
    "SEAT for names-female": {
        "Score": 0.6869801163478868,
        "Mean Arab (M)": -0.0020061187744140623,
        "Std Arab (M)": 0.004578780629429154,
        "Mean Western (F)": -0.004462502665817736,
        "Std Western (F)": 0.003966267248362588
    },
    "SEAT for names-male": {
        "Score": 0.7885577660441413,
        "Mean Arab (M)": -0.004055990830063822,
        "Std Arab (M)": 0.005295655670448801,
        "Mean Western (F)": -0.007452273393049839,
        "Std Western (F)": 0.004794102460850334
    },
    "SEAT for religious places": {
        "Score": 1.2703738729565994,
        "Mean Arab (M)": -0.005601268853992223,
        "Std Arab (M)": 0.005752910821927347,
        "Mean Western (F)": -0.010056984469294549,
        "Std Western (F)": 0.0044816927743954555
    },
    "SEAT for sports clubs": {
        "Score": 0.1798793866677717,
        "Mean Arab (M)": -0.006631631473079322,
        "Std Arab (M)": 0.0035747652998086134,
        "Mean Western (F)": -0.006923642357811331,
        "Std Western (F)": 0.003402276263117785
    },
    "SAME-terms": {
        "Arab": 0.021928845475194976,
        "Western": 0.023312249619630167
    },
    "SAME-sentences": {
        "Arab": 0.007887850400118622,
        "Western": 0.008345927681599278
    },
    "SAME for authors terms": {
        "Arab": 0.018453974270960315,
        "Western": 0.01752822664566338
    },
    "SAME for beverage terms": {
        "Arab": 0.027600526949390768,
        "Western": 0.028026303014485165
    },
    "SAME for clothing-female terms": {
        "Arab": 0.02574297823011875,
        "Western": 0.022775455756345764
    },
    "SAME for clothing-male terms": {
        "Arab": 0.026941301114857198,
        "Western": 0.026889057143125682
    },
    "SAME for food terms": {
        "Arab": 0.02836367584532127,
        "Western": 0.02446502821985632
    },
    "SAME for location terms": {
        "Arab": 0.021317826077574865,
        "Western": 0.024254092946648598
    },
    "SAME for names-female terms": {
        "Arab": 0.02162302752258256,
        "Western": 0.023952047165948898
    },
    "SAME for names-male terms": {
        "Arab": 0.016333603602834045,
        "Western": 0.015198223787592724
    },
    "SAME for religious places terms": {
        "Arab": 0.016744330490473656,
        "Western": 0.02817373098805547
    },
    "SAME for sports clubs terms": {
        "Arab": 0.016167210647836328,
        "Western": 0.021860330528579653
    },
    "SAME for authors sentences": {
        "Arab": 0.018453974270960315,
        "Western": 0.01752822664566338
    },
    "SAME for beverage sentences": {
        "Arab": 0.027600526949390768,
        "Western": 0.028026303014485165
    },
    "SAME for clothing-female sentences": {
        "Arab": 0.02574297823011875,
        "Western": 0.022775455756345764
    },
    "SAME for clothing-male sentences": {
        "Arab": 0.026941301114857198,
        "Western": 0.026889057143125682
    },
    "SAME for food sentences": {
        "Arab": 0.02836367584532127,
        "Western": 0.02446502821985632
    },
    "SAME for location sentences": {
        "Arab": 0.021317826077574865,
        "Western": 0.024254092946648598
    },