{
    "Silhouette Score (K-Means)": 0.41762199997901917,
    "Intra-Cluster Distance (Culture)": 14.93232692245174,
    "Inter-Cluster Distance (Culture)": 15.173200233138239,
    "Intra-Cluster Distance (Culture-Entity)": 12.31234039784077,
    "Inter-Cluster Distance (Culture-Entity)": 15.19699637673995
}