{
    "WEAT": {
        "Score": 0.21870736625563247,
        "Mean Arab (M)": 0.00393867682758719,
        "Std Arab (M)": 0.021148333653501623,
        "Mean Western (F)": -0.0004155243062414196,
        "Std Western (F)": 0.018586785349262225
    },
    "WEAT for authors": {
        "Score": 0.919186649694001,
        "Mean Arab (M)": 0.005303037883713835,
        "Std Arab (M)": 0.0083268839477907,
        "Mean Western (F)": -0.005879525030031807,
        "Std Western (F)": 0.015055638546071828
    },
    "WEAT for beverage": {
        "Score": 0.6192417786823718,
        "Mean Arab (M)": 0.0012382459919899808,
        "Std Arab (M)": 0.016862021216334587,
        "Mean Western (F)": -0.007978968285024174,
        "Std Western (F)": 0.012600773759041164
    },
    "WEAT for clothing-female": {
        "Score": -0.4458252345865111,
        "Mean Arab (M)": -0.005789586305618275,
        "Std Arab (M)": 0.010632689914656669,
        "Mean Western (F)": -0.0005993659980594978,
        "Std Western (F)": 0.01257021012724269
    },
    "WEAT for clothing-male": {
        "Score": -0.6320647793114811,
        "Mean Arab (M)": -0.008052543811500074,
        "Std Arab (M)": 0.013582492446792908,
        "Mean Western (F)": 0.0007016937155276571,
        "Std Western (F)": 0.014112873526045509
    },
    "WEAT for food": {
        "Score": 0.012942068340693383,
        "Mean Arab (M)": -0.011936405291780808,
        "Std Arab (M)": 0.010169251052077171,
        "Mean Western (F)": -0.012104836991056796,
        "Std Western (F)": 0.015340446319411472
    },
    "WEAT for location": {
        "Score": 0.37515897515205987,
        "Mean Arab (M)": 0.004416046608239419,
        "Std Arab (M)": 0.018968261519366952,
        "Mean Western (F)": -0.00207256516441702,
        "Std Western (F)": 0.01544289039678761
    },
    "WEAT for names-female": {
        "Score": 0.6135569149274553,
        "Mean Arab (M)": 0.02495391398668288,
        "Std Arab (M)": 0.02890458232453063,
        "Mean Western (F)": 0.009758641375228772,
        "Std Western (F)": 0.01977933386165926
    },
    "WEAT for names-male": {
        "Score": 0.3903922895728724,
        "Mean Arab (M)": 0.03255022026598453,
        "Std Arab (M)": 0.02191061350946017,
        "Mean Western (F)": 0.023475954364985233,
        "Std Western (F)": 0.024504879430737814
    },
    "WEAT for religious places": {
        "Score": -0.11944206542759582,
        "Mean Arab (M)": -0.0014852084405720194,
        "Std Arab (M)": 0.007878864329211775,
        "Mean Western (F)": -0.0005195470387116069,
        "Std Western (F)": 0.00828555657440916
    },
    "WEAT for sports clubs": {
        "Score": 0.5302945226318191,
        "Mean Arab (M)": -0.0018109526112675771,
        "Std Arab (M)": 0.012566481361288162,
        "Mean Western (F)": -0.008936724010854954,
        "Std Western (F)": 0.014255179783960958
    },
    "SEAT": {
        "Score": 0.04665154300324983,
        "Mean Arab (M)": -0.010465566948894413,
        "Std Arab (M)": 0.015055726356004615,
        "Mean Western (F)": -0.011166195525601505,
        "Std Western (F)": 0.01498085356748083
    },
    "SEAT for authors": {
        "Score": 0.30431502502367236,
        "Mean Arab (M)": -0.01777250241488218,
        "Std Arab (M)": 0.007289669933449081,
        "Mean Western (F)": -0.0200838004136458,
        "Std Western (F)": 0.007888681534338225
    },
    "SEAT for beverage": {
        "Score": 0.27795458838016257,
        "Mean Arab (M)": -0.025823744224384427,
        "Std Arab (M)": 0.013060416904802,
        "Mean Western (F)": -0.029382321428507562,
        "Std Western (F)": 0.012539746327273444
    },
    "SEAT for clothing-female": {
        "Score": -0.23670335260942452,
        "Mean Arab (M)": -0.02002509843930602,
        "Std Arab (M)": 0.00515764585779177,
        "Mean Western (F)": -0.018855528547428547,
        "Std Western (F)": 0.004714573839119742
    },
    "SEAT for clothing-male": {
        "Score": -0.39759001595176796,
        "Mean Arab (M)": -0.015189323335886002,
        "Std Arab (M)": 0.0058454054504850144,
        "Mean Western (F)": -0.012683094153180719,
        "Std Western (F)": 0.006730583983788487
    },
    "SEAT for food": {
        "Score": 0.05951860295556869,
        "Mean Arab (M)": -0.019732728740200406,
        "Std Arab (M)": 0.010496227062637106,
        "Mean Western (F)": -0.020356892640702427,
        "Std Western (F)": 0.010477506219706511
    },
    "SEAT for location": {
        "Score": -0.09162039633466829,
        "Mean Arab (M)": -0.008619886552914981,
        "Std Arab (M)": 0.008879430655984866,
        "Mean Western (F)": -0.0078046323368325884,
        "Std Western (F)": 0.008916877674196317
    },
    "SEAT for names-female": {
        "Score": 0.23461902119788314,
        "Mean Arab (M)": 0.011181399255990978,
        "Std Arab (M)": 0.009746136960887546,
        "Mean Western (F)": 0.009150309642776848,
        "Std Western (F)": 0.0074093887608692385
    },
    "SEAT for names-male": {
        "Score": -0.0034140703001457238,
        "Mean Arab (M)": 0.00496926575060934,
        "Std Arab (M)": 0.01841432212626128,
        "Mean Western (F)": 0.005032445494085552,
        "Std Western (F)": 0.018596618805891207
    },
    "SEAT for religious places": {
        "Score": 0.05345308310407555,
        "Mean Arab (M)": -0.007007747445255521,
        "Std Arab (M)": 0.0067653965539174205,
        "Mean Western (F)": -0.007336699123494328,
        "Std Western (F)": 0.005474804874150176
    },
    "SEAT for sports clubs": {
        "Score": 0.2995481741374089,
        "Mean Arab (M)": -0.006635303342714906,
        "Std Arab (M)": 0.009364940152079242,
        "Mean Western (F)": -0.009341741749085484,
        "Std Western (F)": 0.008692688750499215
    },
    "SAME-terms": {
        "Arab": 0.019418254139018244,
        "Western": 0.01740388256148435
    },
    "SAME-sentences": {
        "Arab": 0.017447474177810365,
        "Western": 0.017532537055318244
    },
    "SAME for authors terms": {
        "Arab": 0.011081519478466362,
        "Western": 0.01670597541378811
    },
    "SAME for beverage terms": {
        "Arab": 0.017736153746955096,
        "Western": 0.013793999655172228
    },
    "SAME for clothing-female terms": {
        "Arab": 0.010027820768300444,
        "Western": 0.012918255047407002
    },
    "SAME for clothing-male terms": {
        "Arab": 0.014262990967836231,
        "Western": 0.014881586981937289
    },
    "SAME for food terms": {
        "Arab": 0.013578220887575298,
        "Western": 0.01628086339915171
    },
    "SAME for location terms": {
        "Arab": 0.019528670312138275,
        "Western": 0.014835713768843562
    },
    "SAME for names-female terms": {
        "Arab": 0.041184009867720306,
        "Western": 0.023880733305122703
    },
    "SAME for names-male terms": {
        "Arab": 0.04708285261876881,
        "Western": 0.03598470790311694
    },
    "SAME for religious places terms": {
        "Arab": 0.007327038305811584,
        "Western": 0.008907335763797163
    },
    "SAME for sports clubs terms": {
        "Arab": 0.012373264436610043,
        "Western": 0.015849654376506806
    },
    "SAME for authors sentences": {
        "Arab": 0.011081519478466362,
        "Western": 0.01670597541378811
    },
    "SAME for beverage sentences": {
        "Arab": 0.017736153746955096,
        "Western": 0.013793999655172228
    },
    "SAME for clothing-female sentences": {
        "Arab": 0.010027820768300444,
        "Western": 0.012918255047407002
    },
    "SAME for clothing-male sentences": {
        "Arab": 0.014262990967836231,
        "Western": 0.014881586981937289
    },
    "SAME for food sentences": {
        "Arab": 0.013578220887575298,
        "Western": 0.01628086339915171
    },
    "SAME for location sentences": {
        "Arab": 0.019528670312138275,
        "Western": 0.014835713768843562
    },