{
    "Silhouette Score (K-Means)": 0.5369802117347717,
    "Intra-Cluster Distance (Culture)": 6.10956402405794,
    "Inter-Cluster Distance (Culture)": 6.4073633330698385,
    "Intra-Cluster Distance (Culture-Entity)": 4.718533473408252,
    "Inter-Cluster Distance (Culture-Entity)": 6.339512636729975
}