{
    "WEAT": {
        "Score": 0.6829882884973865,
        "Mean Arab (M)": -0.00031349532585590786,
        "Std Arab (M)": 0.006917960053116124,
        "Mean Western (F)": -0.005309262266848235,
        "Std Western (F)": 0.00769075762034763
    },
    "WEAT for authors": {
        "Score": 1.4471688404534457,
        "Mean Arab (M)": -0.006425300743430837,
        "Std Arab (M)": 0.00514200516396025,
        "Mean Western (F)": -0.012568243751302347,
        "Std Western (F)": 0.003097812994671393
    },
    "WEAT for beverage": {
        "Score": 0.2708504012255225,
        "Mean Arab (M)": -0.0008440358936786796,
        "Std Arab (M)": 0.007011219776695702,
        "Mean Western (F)": -0.0027148258127272173,
        "Std Western (F)": 0.006801379827455478
    },
    "WEAT for clothing-female": {
        "Score": 0.5820652888891941,
        "Mean Arab (M)": 0.0021772981621325017,
        "Std Arab (M)": 0.004203926108952126,
        "Mean Western (F)": -0.0008473369851708489,
        "Std Western (F)": 0.006027589291023851
    },
    "WEAT for clothing-male": {
        "Score": 0.99977449959911,
        "Mean Arab (M)": 0.0015308650583028994,
        "Std Arab (M)": 0.0046119325184976094,
        "Mean Western (F)": -0.0034631958603859093,
        "Std Western (F)": 0.005351062649326218
    },
    "WEAT for food": {
        "Score": 0.36704007882782613,
        "Mean Arab (M)": -0.0022737013921141636,
        "Std Arab (M)": 0.0066244865998107685,
        "Mean Western (F)": -0.004574029743671401,
        "Std Western (F)": 0.0058883595108815264
    },
    "WEAT for location": {
        "Score": 1.033305050115477,
        "Mean Arab (M)": 0.0010986614786088588,
        "Std Arab (M)": 0.007300758141580549,
        "Mean Western (F)": -0.005360670164227488,
        "Std Western (F)": 0.00498521446562605
    },
    "WEAT for names-female": {
        "Score": 0.9690311707899515,
        "Mean Arab (M)": 0.004785774573683743,
        "Std Arab (M)": 0.004373793021462502,
        "Mean Western (F)": -0.0008104609698057153,
        "Std Western (F)": 0.0068973258850653025
    },
    "WEAT for names-male": {
        "Score": 0.5420917082032686,
        "Mean Arab (M)": 0.005360839255154126,
        "Std Arab (M)": 0.00460077861368197,
        "Mean Western (F)": 0.002439491841942093,
        "Std Western (F)": 0.006075860636849994
    },
    "WEAT for religious places": {
        "Score": 2.1550802920184187,
        "Mean Arab (M)": -0.005953072085976618,
        "Std Arab (M)": 0.005359139863088219,
        "Mean Western (F)": -0.015287982951849698,
        "Std Western (F)": 0.0029672978014099703
    },
    "WEAT for sports clubs": {
        "Score": 1.134291088003178,
        "Mean Arab (M)": -0.0025922816712409093,
        "Std Arab (M)": 0.0070400713642008676,
        "Mean Western (F)": -0.009905368271283816,
        "Std Western (F)": 0.005794144080111705
    },
    "SEAT": {
        "Score": 0.3041679219790362,
        "Mean Arab (M)": -0.014581284555484127,
        "Std Arab (M)": 0.0030902465883841275,
        "Mean Western (F)": -0.01546640776809271,
        "Std Western (F)": 0.0027177873041256966
    },
    "SEAT for authors": {
        "Score": 1.2569667067548027,
        "Mean Arab (M)": -0.014396422299496408,
        "Std Arab (M)": 0.0010736564512353094,
        "Mean Western (F)": -0.015592796794275271,
        "Std Western (F)": 0.0008118428846359291
    },
    "SEAT for beverage": {
        "Score": -0.04869740951791018,
        "Mean Arab (M)": -0.014707222659722902,
        "Std Arab (M)": 0.0030789356838969843,
        "Mean Western (F)": -0.014567199839977549,
        "Std Western (F)": 0.002656238153237497
    },
    "SEAT for clothing-female": {
        "Score": 0.03850567637066617,
        "Mean Arab (M)": -0.01653220814745874,
        "Std Arab (M)": 0.002431987697976563,
        "Mean Western (F)": -0.016627151646185667,
        "Std Western (F)": 0.002498960236603851
    },
    "SEAT for clothing-male": {
        "Score": -0.01697203698534144,
        "Mean Arab (M)": -0.016176565564237532,
        "Std Arab (M)": 0.0021883709874426587,
        "Mean Western (F)": -0.0161384390653111,
        "Std Western (F)": 0.0023030264924681233
    },
    "SEAT for food": {
        "Score": 0.07986607730320278,
        "Mean Arab (M)": -0.01617132891248912,
        "Std Arab (M)": 0.001879154228378766,
        "Mean Western (F)": -0.016326305987313394,
        "Std Western (F)": 0.0019998909077842083
    },
    "SEAT for location": {
        "Score": 0.41988035239101007,
        "Mean Arab (M)": -0.012255410727229899,
        "Std Arab (M)": 0.0032439518663485347,
        "Mean Western (F)": -0.013479103053221364,
        "Std Western (F)": 0.0025424471301933906
    },
    "SEAT for names-female": {
        "Score": 0.4020456590262197,
        "Mean Arab (M)": -0.013930300275795162,
        "Std Arab (M)": 0.0033726655303797275,
        "Mean Western (F)": -0.015267722979187963,
        "Std Western (F)": 0.0032797746028232597
    },
    "SEAT for names-male": {
        "Score": 0.11778534548415151,
        "Mean Arab (M)": -0.01452830424997956,
        "Std Arab (M)": 0.004228969472806126,
        "Mean Western (F)": -0.01499274327792227,
        "Std Western (F)": 0.0036348099210179808
    },
    "SEAT for religious places": {
        "Score": 0.9847143707516595,
        "Mean Arab (M)": -0.014707428598776455,
        "Std Arab (M)": 0.0022785597089622065,
        "Mean Western (F)": -0.01687393805431202,
        "Std Western (F)": 0.0021188198394363118
    },
    "SEAT for sports clubs": {
        "Score": 0.9833699029497318,
        "Mean Arab (M)": -0.01240765411965549,
        "Std Arab (M)": 0.002479643659136563,
        "Mean Western (F)": -0.014798676983220505,
        "Std Western (F)": 0.002382298421488367
    },
    "SAME-terms": {
        "Arab": 0.006861794292781269,
        "Western": 0.010778511307144072
    },
    "SAME-sentences": {
        "Arab": 0.018387391774449497,
        "Western": 0.019273409982211887
    },
    "SAME for authors terms": {
        "Arab": 0.01091188503196463,
        "Western": 0.017224289337173106
    },
    "SAME for beverage terms": {
        "Arab": 0.007652720279293135,
        "Western": 0.00908749564550817
    },
    "SAME for clothing-female terms": {
        "Arab": 0.004739008721662686,
        "Western": 0.0065586520970100535
    },
    "SAME for clothing-male terms": {
        "Arab": 0.004883485304890201,
        "Western": 0.008627532215905375
    },
    "SAME for food terms": {
        "Arab": 0.007779141690116375,
        "Western": 0.009508027450647206
    },
    "SAME for location terms": {
        "Arab": 0.006648309084994253,
        "Western": 0.010613092343555763
    },
    "SAME for names-female terms": {
        "Arab": 0.003558856077142991,
        "Western": 0.007328823240823112
    },
    "SAME for names-male terms": {
        "Arab": 0.004105846452875994,
        "Western": 0.005161664151819423
    },
    "SAME for religious places terms": {
        "Arab": 0.01039878255687654,
        "Western": 0.019339034659788014
    },
    "SAME for sports clubs terms": {
        "Arab": 0.007939907727995887,
        "Western": 0.014336501929210498
    },
    "SAME for authors sentences": {
        "Arab": 0.01091188503196463,
        "Western": 0.017224289337173106
    },
    "SAME for beverage sentences": {
        "Arab": 0.007652720279293135,
        "Western": 0.00908749564550817
    },
    "SAME for clothing-female sentences": {
        "Arab": 0.004739008721662686,
        "Western": 0.0065586520970100535
    },
    "SAME for clothing-male sentences": {
        "Arab": 0.004883485304890201,
        "Western": 0.008627532215905375
    },
    "SAME for food sentences": {
        "Arab": 0.007779141690116375,
        "Western": 0.009508027450647206
    },
    "SAME for location sentences": {
        "Arab": 0.006648309084994253,