{
    "WEAT": {
        "arabert": {
            "Score": 0.09903162143613899
        },
        "arabertlarge": {
            "Score": 0.1894264694358641
        },
        "arbert": {
            "Score": 0.21870731643225258
        },
        "camelbert": {
            "Score": 0.3959730687048565
        },
        "marbert": {
            "Score": 0.43706090324978564
        },
        "bert": {
            "Score": 0.6829882884973865
        },
        "distilbert": {
            "Score": 0.31832121478144043
        },
        "mbert": {
            "Score": 0.17791229947195622
        },
        "xlm-roberta-base": {
            "Score": 0.49061638537155927
        },
        "xlm-roberta-large": {
            "Score": 0.4245487348417942
        }
    },
    "SEAT": {
        "arabert": {
            "Score": 0.06398461284201212
        },
        "arabertlarge": {
            "Score": -0.0770094640992405
        },
        "arbert": {
            "Score": 0.0466515022769291
        },
        "camelbert": {
            "Score": 0.10207772835378777
        },
        "marbert": {
            "Score": 0.08893525157319429
        },
        "bert": {
            "Score": 0.3041679219790362
        },
        "distilbert": {
            "Score": 0.3808384488970232
        },
        "mbert": {
            "Score": 0.18886870995523852
        },
        "xlm-roberta-base": {
            "Score": 0.0967456079589345
        },
        "xlm-roberta-large": {
            "Score": 0.16160347623592533
        }
    },
    "SAME-terms": {
        "arabert": {
            "Arab": 0.0076437233758042565,
            "Western": 0.007919121367158367
        },
        "arabertlarge": {
            "Arab": 0.029400849482044578,
            "Western": 0.02341559173539281
        },
        "arbert": {
            "Arab": 0.019418270043679513,
            "Western": 0.017403889839770273
        },
        "camelbert": {
            "Arab": 0.010033844481222331,
            "Western": 0.008119749950710685
        },
        "marbert": {
            "Arab": 0.06216970863752067,
            "Western": 0.07659911399707198
        },
        "bert": {
            "Arab": 0.006861794292781269,
            "Western": 0.010778511307144072
        },
        "distilbert": {
            "Arab": 0.012672592901508324,
            "Western": 0.014116149090696126
        },
        "mbert": {
            "Arab": 0.021763015227625148,
            "Western": 0.022613180204934906
        },
        "xlm-roberta-base": {
            "Arab": 0.000616300150677489,
            "Western": 0.0007755502809141035
        },
        "xlm-roberta-large": {
            "Arab": 0.00038962343976891136,
            "Western": 0.00039333836240984966
        }
    },
    "SAME-sentences": {
        "arabert": {
            "Arab": 0.010167158301686867,
            "Western": 0.010557904995919671
        },
        "arabertlarge": {
            "Arab": 0.017184917912818492,
            "Western": 0.017512352496385573
        },
        "arbert": {
            "Arab": 0.017447451121290213,
            "Western": 0.01753251248714514
        },
        "camelbert": {
            "Arab": 0.019282927651889624,
            "Western": 0.019922422930132598
        },
        "marbert": {
            "Arab": 0.10176332097500562,
            "Western": 0.1010748712643981
        },
        "bert": {
            "Arab": 0.018387391774449497,
            "Western": 0.019273409982211887
        },
        "distilbert": {
            "Arab": 0.0049458222841785755,
            "Western": 0.005683382447808981
        },
        "mbert": {
            "Arab": 0.007947607029462234,
            "Western": 0.008366188336745836
        },
        "xlm-roberta-base": {
            "Arab": 0.002232630022801459,
            "Western": 0.002261586791020818
        },
        "xlm-roberta-large": {
            "Arab": 0.000676913504692493,
            "Western": 0.000696512046182761
        }
    }
}