{
    "WEAT": {
        "AraBERT": {
            "Score": 0.099031365733221
        },
        "AraBERT-Large": {
            "Score": 0.1894152005374298
        },
        "ARBERT": {
            "Score": 0.21870736625563247
        },
        "CAMeLBERT": {
            "Score": 0.3959731346912148
        },
        "MARBERT": {
            "Score": 0.4370608960798715
        },
        "BERT": {
            "Score": 0.6829880767307618
        },
        "DistilBERT": {
            "Score": 0.31832082381211974
        },
        "mBERT": {
            "Score": 0.1779123304313272
        },
        "XLM-RoBERTa-Base": {
            "Score": 0.49061564717352757
        },
        "XLM-RoBERTa-Large": {
            "Score": 0.4245494173738802
        }
    },
    "SEAT": {
        "AraBERT": {
            "Score": 0.06398441652739155
        },
        "AraBERT-Large": {
            "Score": -0.07702471844304763
        },
        "ARBERT": {
            "Score": 0.04665154300324983
        },
        "CAMeLBERT": {
            "Score": 0.10207778320853622
        },
        "MARBERT": {
            "Score": 0.08893541911876207
        },
        "BERT": {
            "Score": 0.30416729305870543
        },
        "DistilBERT": {
            "Score": 0.3808382930168554
        },
        "mBERT": {
            "Score": 0.1888688372733095
        },
        "XLM-RoBERTa-Base": {
            "Score": 0.09674608228440079
        },
        "XLM-RoBERTa-Large": {
            "Score": 0.1616029324690288
        }
    },
    "SAME-terms": {
        "AraBERT": {
            "Arab": 0.007643724514055066,
            "Western": 0.007919112372910604
        },
        "AraBERT-Large": {
            "Arab": 0.029399666409008204,
            "Western": 0.023413869235664606
        },
        "ARBERT": {
            "Arab": 0.019418254139018244,
            "Western": 0.01740388256148435
        },
        "CAMeLBERT": {
            "Arab": 0.010033846483565867,
            "Western": 0.008119752098573373
        },
        "MARBERT": {
            "Arab": 0.06216965387575328,
            "Western": 0.07659904727712273
        },
        "BERT": {
            "Arab": 0.006861768987873802,
            "Western": 0.010778462507296353
        },
        "DistilBERT": {
            "Arab": 0.012672587057895725,
            "Western": 0.014116138669196516
        },
        "mBERT": {
            "Arab": 0.021763003072119317,
            "Western": 0.022613172630954068
        },
        "XLM-RoBERTa-Base": {
            "Arab": 0.0006163023993758543,
            "Western": 0.000775553829889759
        },
        "XLM-RoBERTa-Large": {
            "Arab": 0.0003896253438142594,
            "Western": 0.00039334131790383256
        }
    },
    "SAME-sentences": {
        "AraBERT": {
            "Arab": 0.010167157004296315,
            "Western": 0.010557903314591385
        },
        "AraBERT-Large": {
            "Arab": 0.017183362965472043,
            "Western": 0.017510972421616314
        },
        "ARBERT": {
            "Arab": 0.017447474177810365,
            "Western": 0.017532537055318244
        },
        "CAMeLBERT": {
            "Arab": 0.019282928513828665,
            "Western": 0.019922424681019037
        },
        "MARBERT": {
            "Arab": 0.10176327489316464,
            "Western": 0.10107482636719942
        },
        "BERT": {
            "Arab": 0.018387341717723757,
            "Western": 0.019273358878679574
        },
        "DistilBERT": {
            "Arab": 0.00494581719089183,
            "Western": 0.005683373296575155
        },
        "mBERT": {
            "Arab": 0.007947599221311975,
            "Western": 0.008366180337266996
        },
        "XLM-RoBERTa-Base": {
            "Arab": 0.0022326366904890163,
            "Western": 0.0022615935067879034
        },
        "XLM-RoBERTa-Large": {
            "Arab": 0.0006769156212976668,
            "Western": 0.0006965142343833577
        }
    }
}