{
    "normality_tests": {
        "Arab": {
            "shapiro_wilk": {
                "statistic": 0.9395617246627808,
                "p_value": 2.099462221849535e-07,
                "normal": false
            },
            "kolmogorov_smirnov": {
                "statistic": 0.9999999999213678,
                "p_value": 0.0,
                "normal": false
            }
        },
        "Western": {
            "shapiro_wilk": {
                "statistic": 0.9588025212287903,
                "p_value": 1.4709517017763574e-05,
                "normal": false
            },
            "kolmogorov_smirnov": {
                "statistic": 0.9999999999075452,
                "p_value": 0.0,
                "normal": false
            }
        }
    },
    "statistical_tests": {
        "mann_whitney_u": {
            "statistic": 21370.5,
            "p_value": 0.23602726192360823,
            "significant": false
        }
    }
}