{
    "WEAT": {
        "Score": 0.3959730687048565,
        "Mean Arab (M)": 0.013212793143466118,
        "Std Arab (M)": 0.0111465988496769,
        "Mean Western (F)": 0.009020742217078808,
        "Std Western (F)": 0.009995502567499268
    },
    "WEAT for authors": {
        "Score": 1.2414873147371865,
        "Mean Arab (M)": 0.009774241521954542,
        "Std Arab (M)": 0.009695013649991367,
        "Mean Western (F)": 0.00027700930833817193,
        "Std Western (F)": 0.0048008455582272775
    },
    "WEAT for beverage": {
        "Score": -0.11169845583605058,
        "Mean Arab (M)": 0.01140033684670927,
        "Std Arab (M)": 0.01105296508480957,
        "Mean Western (F)": 0.01248093385249377,
        "Std Western (F)": 0.008063099409644253
    },
    "WEAT for clothing-female": {
        "Score": -0.20614878476878232,
        "Mean Arab (M)": 0.009870378337800518,
        "Std Arab (M)": 0.007623063634531724,
        "Mean Western (F)": 0.011445626579225071,
        "Std Western (F)": 0.007659527135591592
    },
    "WEAT for clothing-male": {
        "Score": 0.7070969279763513,
        "Mean Arab (M)": 0.011870986260473726,
        "Std Arab (M)": 0.0070615722198533746,
        "Mean Western (F)": 0.005451905187219386,
        "Std Western (F)": 0.010721809479671988
    },
    "WEAT for food": {
        "Score": 0.22692397068134362,
        "Mean Arab (M)": 0.010629669614136233,
        "Std Arab (M)": 0.009040674645210595,
        "Mean Western (F)": 0.008569064028561108,
        "Std Western (F)": 0.009120348625471508
    },
    "WEAT for location": {
        "Score": 0.3238945823758308,
        "Mean Arab (M)": 0.013876568302512155,
        "Std Arab (M)": 0.010812185239513328,
        "Mean Western (F)": 0.010857251808047303,
        "Std Western (F)": 0.007542725138397063
    },
    "WEAT for names-female": {
        "Score": 0.9221239237755984,
        "Mean Arab (M)": 0.02242506098002194,
        "Std Arab (M)": 0.008692273666779549,
        "Mean Western (F)": 0.014902015514671796,
        "Std Western (F)": 0.007587027954649702
    },
    "WEAT for names-male": {
        "Score": 0.5077535481344124,
        "Mean Arab (M)": 0.02600291021168233,
        "Std Arab (M)": 0.008633836149964352,
        "Mean Western (F)": 0.02100213304162027,
        "Std Western (F)": 0.010929578417918565
    },
    "WEAT for religious places": {
        "Score": 1.2051148203367108,
        "Mean Arab (M)": 0.007681703716516486,
        "Std Arab (M)": 0.006779268932668831,
        "Mean Western (F)": 0.0011874545738100929,
        "Std Western (F)": 0.003481681269875609
    },
    "WEAT for sports clubs": {
        "Score": 0.43370516856192304,
        "Mean Arab (M)": 0.008596075642853978,
        "Std Arab (M)": 0.013714229894904168,
        "Mean Western (F)": 0.00403402827680111,
        "Std Western (F)": 0.005762740729125486
    },
    "SEAT": {
        "Score": 0.10207772835378777,
        "Mean Arab (M)": -0.010302402657642961,
        "Std Arab (M)": 0.0063075973175339885,
        "Mean Western (F)": -0.010911553927510977,
        "Std Western (F)": 0.005606861498269006
    },
    "SEAT for authors": {
        "Score": 0.48916917230816376,
        "Mean Arab (M)": -0.010495072282850746,
        "Std Arab (M)": 0.00422083149751956,
        "Mean Western (F)": -0.01234289404749871,
        "Std Western (F)": 0.0032746201786809635
    },
    "SEAT for beverage": {
        "Score": -0.30902342933876514,
        "Mean Arab (M)": -0.012243662722408772,
        "Std Arab (M)": 0.0025335943806437185,
        "Mean Western (F)": -0.011486019998788833,
        "Std Western (F)": 0.002367040783443201
    },
    "SEAT for clothing-female": {
        "Score": -0.32141297711201305,
        "Mean Arab (M)": -0.015860030516982086,
        "Std Arab (M)": 0.0018714260187921734,
        "Mean Western (F)": -0.01529157173633575,
        "Std Western (F)": 0.0016594661861155117
    },
    "SEAT for clothing-male": {
        "Score": 0.26901955189131793,
        "Mean Arab (M)": -0.017637157022953036,
        "Std Arab (M)": 0.003192118860203714,
        "Mean Western (F)": -0.018545338224619633,
        "Std Western (F)": 0.00355016665128756
    },
    "SEAT for food": {
        "Score": -0.0005366559367766696,
        "Mean Arab (M)": -0.011337217181921,
        "Std Arab (M)": 0.003986245885279496,
        "Mean Western (F)": -0.011335087589919562,
        "Std Western (F)": 0.0039501986388644095
    },
    "SEAT for location": {
        "Score": 0.3579060634684426,
        "Mean Arab (M)": -0.010006957348436112,
        "Std Arab (M)": 0.00176527934647532,
        "Mean Western (F)": -0.01062094504013658,
        "Std Western (F)": 0.0016642314315753152
    },
    "SEAT for names-female": {
        "Score": 0.611615647644412,
        "Mean Arab (M)": -0.0008189486339688279,
        "Std Arab (M)": 0.005221597417182171,
        "Mean Western (F)": -0.0038084917888045276,
        "Std Western (F)": 0.004529781157107491
    },
    "SEAT for names-male": {
        "Score": 0.24635419028223884,
        "Mean Arab (M)": -0.0030443134829401843,
        "Std Arab (M)": 0.006551193297233244,
        "Mean Western (F)": -0.004592692025005823,
        "Std Western (F)": 0.006007382875615928
    },
    "SEAT for religious places": {
        "Score": -0.15973426725400622,
        "Mean Arab (M)": -0.009018210396170618,
        "Std Arab (M)": 0.004697405711680519,
        "Mean Western (F)": -0.008287521027028562,
        "Std Western (F)": 0.004448006029141462
    },
    "SEAT for sports clubs": {
        "Score": 0.08413111547283605,
        "Mean Arab (M)": -0.012562456987798211,
        "Std Arab (M)": 0.003107075259319228,
        "Mean Western (F)": -0.012804977796971796,
        "Std Western (F)": 0.0026392157028222547
    },
    "SAME-terms": {
        "Arab": 0.010033844481222331,
        "Western": 0.008119749950710685
    },
    "SAME-sentences": {
        "Arab": 0.019282927651889624,
        "Western": 0.019922422930132598
    },
    "SAME for authors terms": {
        "Arab": 0.008938704780302942,
        "Western": 0.008098096144385636
    },
    "SAME for beverage terms": {
        "Arab": 0.009097415441647171,
        "Western": 0.00848998965229839
    },
    "SAME for clothing-female terms": {
        "Arab": 0.006344882911071182,
        "Western": 0.006723843538202346
    },
    "SAME for clothing-male terms": {
        "Arab": 0.007077283784747123,
        "Western": 0.00856408930849284
    },
    "SAME for food terms": {
        "Arab": 0.008195960451848805,
        "Western": 0.007758475560694933
    },
    "SAME for location terms": {
        "Arab": 0.00935889019165188,
        "Western": 0.005945241218432784
    },
    "SAME for names-female terms": {
        "Arab": 0.015879529784433542,
        "Western": 0.008945403806865215
    },
    "SAME for names-male terms": {
        "Arab": 0.018610953190363943,
        "Western": 0.014376600435934962
    },
    "SAME for religious places terms": {
        "Arab": 0.0060003228485584256,
        "Western": 0.006252691498957574
    },
    "SAME for sports clubs terms": {
        "Arab": 0.010834501427598297,
        "Western": 0.006043068342842161
    },
    "SAME for authors sentences": {
        "Arab": 0.008938704780302942,
        "Western": 0.008098096144385636
    },
    "SAME for beverage sentences": {
        "Arab": 0.009097415441647171,
        "Western": 0.00848998965229839
    },
    "SAME for clothing-female sentences": {
        "Arab": 0.006344882911071182,
        "Western": 0.006723843538202346
    },
    "SAME for clothing-male sentences": {
        "Arab": 0.007077283784747123,
        "Western": 0.00856408930849284
    },
    "SAME for food sentences": {
        "Arab": 0.008195960451848805,
        "Western": 0.007758475560694933
    },
    "SAME for location sentences": {
        "Arab": 0.00935889019165188,
        "Western": 0.005945241218432784
    },