{
    "normality_tests": {
        "Arab": {
            "shapiro_wilk": {
                "statistic": 0.9331804513931274,
                "p_value": 6.09401311635338e-08,
                "normal": false
            },
            "kolmogorov_smirnov": {
                "statistic": 0.9999999999999999,
                "p_value": 0.0,
                "normal": false
            }
        },
        "Western": {
            "shapiro_wilk": {
                "statistic": 0.9644824862480164,
                "p_value": 6.23783198534511e-05,
                "normal": false
            },
            "kolmogorov_smirnov": {
                "statistic": 0.9999999999999999,
                "p_value": 0.0,
                "normal": false
            }
        }
    },
    "statistical_tests": {
        "mann_whitney_u": {
            "statistic": 21192.5,
            "p_value": 0.30253340299700937,
            "significant": false
        }
    }
}