{
    "Silhouette Score (K-Means)": 0.1538352072238922,
    "Intra-Cluster Distance (Culture)": 12.114402712038611,
    "Inter-Cluster Distance (Culture)": 12.528565956795829,
    "Intra-Cluster Distance (Culture-Entity)": 10.535638258935295,
    "Inter-Cluster Distance (Culture-Entity)": 12.415476233126796
}