{
    "Silhouette Score (K-Means)": 0.12745732069015503,
    "Intra-Cluster Distance (Culture)": 25.506000006620894,
    "Inter-Cluster Distance (Culture)": 26.621247833528034,
    "Intra-Cluster Distance (Culture-Entity)": 21.918266558587497,
    "Inter-Cluster Distance (Culture-Entity)": 26.281800623310616
}