{
    "Silhouette Score (K-Means)": 0.15383519232273102,
    "Intra-Cluster Distance (Culture)": 12.11440383346378,
    "Inter-Cluster Distance (Culture)": 12.528567143724853,
    "Intra-Cluster Distance (Culture-Entity)": 10.535639315206748,
    "Inter-Cluster Distance (Culture-Entity)": 12.41547739245682
}