{
    "Silhouette Score (K-Means)": 0.8387800455093384,
    "Intra-Cluster Distance (Culture)": 2.3420586421776517,
    "Inter-Cluster Distance (Culture)": 2.3538403385079647,
    "Intra-Cluster Distance (Culture-Entity)": 1.1688681277980382,
    "Inter-Cluster Distance (Culture-Entity)": 2.410006404160954
}