{
    "Silhouette Score (K-Means)": 0.2042543739080429,
    "Intra-Cluster Distance (Culture)": 6.365558461665015,
    "Inter-Cluster Distance (Culture)": 6.693185132698389,
    "Intra-Cluster Distance (Culture-Entity)": 5.363473054314169,
    "Inter-Cluster Distance (Culture-Entity)": 6.590734888911572
}