{
    "WEAT": {
        "Score": 0.8374296671244841,
        "Mean Arab (M)": -2.842320874333615e-05,
        "Std Arab (M)": 4.8150544878350445e-05,
        "Mean Western (F)": -6.720872595906424e-05,
        "Std Western (F)": 4.440354841498355e-05
    },
    "WEAT for authors": {
        "Score": 1.3068198927764827,
        "Mean Arab (M)": -1.6108453273783185e-05,
        "Std Arab (M)": 3.1808581277809094e-05,
        "Mean Western (F)": -6.753854453562802e-05,
        "Std Western (F)": 4.567132166271011e-05
    },
    "WEAT for beverage": {
        "Score": 0.8533526874945148,
        "Mean Arab (M)": -3.5119950771334005e-05,
        "Std Arab (M)": 4.836025859232928e-05,
        "Mean Western (F)": -8.187521249056751e-05,
        "Std Western (F)": 6.054082131479008e-05
    },
    "WEAT for clothing-female": {
        "Score": 0.9761755770484531,
        "Mean Arab (M)": -1.5108883380893224e-05,
        "Std Arab (M)": 5.32123429830715e-05,
        "Mean Western (F)": -6.077788770199044e-05,
        "Std Western (F)": 3.93173798639901e-05
    },
    "WEAT for clothing-male": {
        "Score": 0.5019014350460229,
        "Mean Arab (M)": -3.414295613767271e-05,
        "Std Arab (M)": 5.20823258693043e-05,
        "Mean Western (F)": -5.5750422179706714e-05,
        "Std Western (F)": 3.153165663801918e-05
    },
    "WEAT for food": {
        "Score": 0.3917497331720594,
        "Mean Arab (M)": -4.225917160509129e-05,
        "Std Arab (M)": 5.0960050821012756e-05,
        "Mean Western (F)": -6.051518023013625e-05,
        "Std Western (F)": 4.179015864743193e-05
    },
    "WEAT for location": {
        "Score": 1.0045760406123245,
        "Mean Arab (M)": -2.932801842688293e-05,
        "Std Arab (M)": 3.6597094482624804e-05,
        "Mean Western (F)": -7.312189787626599e-05,
        "Std Western (F)": 4.961445667369247e-05
    },
    "WEAT for names-female": {
        "Score": 0.5955877611607255,
        "Mean Arab (M)": -3.558948636057657e-05,
        "Std Arab (M)": 5.531958449981908e-05,
        "Mean Western (F)": -6.73351436853431e-05,
        "Std Western (F)": 5.120371629734928e-05
    },
    "WEAT for names-male": {
        "Score": 0.8160887872306177,
        "Mean Arab (M)": -2.3891478776932873e-05,
        "Std Arab (M)": 5.254370901658745e-05,
        "Mean Western (F)": -6.132408976554093e-05,
        "Std Western (F)": 3.8038951183335354e-05
    },
    "WEAT for religious places": {
        "Score": 1.7118704608397348,
        "Mean Arab (M)": -2.3431703448295592e-05,
        "Std Arab (M)": 3.430689818695183e-05,
        "Mean Western (F)": -8.016474545002872e-05,
        "Std Western (F)": 3.193249268993438e-05
    },
    "WEAT for sports clubs": {
        "Score": 0.7599128428490368,
        "Mean Arab (M)": -2.9251985251899094e-05,
        "Std Arab (M)": 5.15709125102538e-05,
        "Mean Western (F)": -6.368413567543474e-05,
        "Std Western (F)": 3.803356830933882e-05
    },
    "SEAT": {
        "Score": 0.3515143297365359,
        "Mean Arab (M)": -5.483741685747978e-05,
        "Std Arab (M)": 2.497786616646808e-05,
        "Mean Western (F)": -6.34088374674301e-05,
        "Std Western (F)": 2.377586018753502e-05
    },
    "SEAT for authors": {
        "Score": 0.6495004834530912,
        "Mean Arab (M)": -4.5168437063686226e-05,
        "Std Arab (M)": 1.0550147833767858e-05,
        "Mean Western (F)": -5.2065536379812816e-05,
        "Std Western (F)": 1.0687572849537201e-05
    },
    "SEAT for beverage": {
        "Score": 0.4749928021727917,
        "Mean Arab (M)": -6.0544483363633714e-05,
        "Std Arab (M)": 1.6958824402209712e-05,
        "Mean Western (F)": -6.970987468956968e-05,
        "Std Western (F)": 2.1378918757789057e-05
    },
    "SEAT for clothing-female": {
        "Score": 0.38790612944519265,
        "Mean Arab (M)": -4.910948872565268e-05,
        "Std Arab (M)": 2.1614739739408553e-05,
        "Mean Western (F)": -5.703404545783996e-05,
        "Std Western (F)": 1.9170180741650617e-05
    },
    "SEAT for clothing-male": {
        "Score": 0.2955103041483012,
        "Mean Arab (M)": -6.0457631945616266e-05,
        "Std Arab (M)": 1.5386382296483588e-05,
        "Mean Western (F)": -6.461910903454048e-05,
        "Std Western (F)": 1.264452202539831e-05
    },
    "SEAT for food": {
        "Score": 0.025504473502062412,
        "Mean Arab (M)": -6.064204871654377e-05,
        "Std Arab (M)": 3.005040724838314e-05,
        "Mean Western (F)": -6.140649318694735e-05,
        "Std Western (F)": 2.9895304749868875e-05
    },
    "SEAT for location": {
        "Score": 0.27591971272121146,
        "Mean Arab (M)": -8.70732814073516e-05,
        "Std Arab (M)": 3.1423347461072874e-05,
        "Mean Western (F)": -9.582795202731975e-05,
        "Std Western (F)": 3.203183699544544e-05
    },
    "SEAT for names-female": {
        "Score": 0.27490265099978994,
        "Mean Arab (M)": -5.836464464664681e-05,
        "Std Arab (M)": 2.0754549754895536e-05,
        "Mean Western (F)": -6.398355215787576e-05,
        "Std Western (F)": 2.0119774543174432e-05
    },
    "SEAT for names-male": {
        "Score": 0.3327884600848749,
        "Mean Arab (M)": -5.107112973929295e-05,
        "Std Arab (M)": 1.1117557556724425e-05,
        "Mean Western (F)": -5.475231260061331e-05,
        "Std Western (F)": 1.1005418520636317e-05
    },
    "SEAT for religious places": {
        "Score": 1.3163821712795065,
        "Mean Arab (M)": -3.462470322846634e-05,
        "Std Arab (M)": 1.962188346224292e-05,
        "Mean Western (F)": -5.981797724962323e-05,
        "Std Western (F)": 1.8642109566512525e-05
    },
    "SEAT for sports clubs": {
        "Score": 0.6954819690069788,
        "Mean Arab (M)": -4.131831973790745e-05,
        "Std Arab (M)": 2.0616084143318544e-05,
        "Mean Western (F)": -5.4871521890158534e-05,
        "Std Western (F)": 1.8289398086709664e-05
    },
    "SAME-terms": {
        "Arab": 3.8614046934526415e-05,
        "Western": 5.106899217935279e-05
    },
    "SAME-sentences": {
        "Arab": 3.322958661010489e-05,
        "Western": 4.02080318890512e-05
    },
    "SAME for authors terms": {
        "Arab": 2.6805634843185543e-05,
        "Western": 5.175787082407623e-05
    },
    "SAME for beverage terms": {
        "Arab": 3.8909038994461295e-05,
        "Western": 7.084054814185948e-05
    },
    "SAME for clothing-female terms": {
        "Arab": 4.475107998587191e-05,
        "Western": 4.5000514364801345e-05
    },
    "SAME for clothing-male terms": {
        "Arab": 4.666063759941608e-05,
        "Western": 3.850553766824305e-05
    },
    "SAME for food terms": {
        "Arab": 4.1940063238143924e-05,
        "Western": 4.7051391447894275e-05
    },
    "SAME for location terms": {
        "Arab": 2.863160625565797e-05,
        "Western": 6.24712964054197e-05
    },
    "SAME for names-female terms": {
        "Arab": 5.1582840387709436e-05,
        "Western": 5.082125426270068e-05
    },
    "SAME for names-male terms": {
        "Arab": 4.2768186540342866e-05,
        "Western": 4.335665435064584e-05
    },
    "SAME for religious places terms": {
        "Arab": 2.8039023163728416e-05,
        "Western": 5.865074344910681e-05
    },
    "SAME for sports clubs terms": {
        "Arab": 3.6052358336746695e-05,
        "Western": 4.2234110878780484e-05
    },
    "SAME for authors sentences": {
        "Arab": 2.6805634843185543e-05,
        "Western": 5.175787082407623e-05
    },
    "SAME for beverage sentences": {
        "Arab": 3.8909038994461295e-05,
        "Western": 7.084054814185948e-05
    },
    "SAME for clothing-female sentences": {
        "Arab": 4.475107998587191e-05,
        "Western": 4.5000514364801345e-05
    },
    "SAME for clothing-male sentences": {
        "Arab": 4.666063759941608e-05,
        "Western": 3.850553766824305e-05
    },
    "SAME for food sentences": {
        "Arab": 4.1940063238143924e-05,