{
    "WEAT": {
        "Score": 0.31832121478144043,
        "Mean Arab (M)": -0.012418372018262746,
        "Std Arab (M)": 0.009487829407461247,
        "Mean Western (F)": -0.015078279726207256,
        "Std Western (F)": 0.00704472902689358
    },
    "WEAT for authors": {
        "Score": 0.5041529280622924,
        "Mean Arab (M)": -0.012245290447026514,
        "Std Arab (M)": 0.005708113100461369,
        "Mean Western (F)": -0.014653468113392576,
        "Std Western (F)": 0.00361258990653712
    },
    "WEAT for beverage": {
        "Score": -0.13282004689867313,
        "Mean Arab (M)": -0.015978529993444672,
        "Std Arab (M)": 0.011851179481972285,
        "Mean Western (F)": -0.014640225898474463,
        "Std Western (F)": 0.007912263879443986
    },
    "WEAT for clothing-female": {
        "Score": -0.22269785188529792,
        "Mean Arab (M)": -0.01595051299780608,
        "Std Arab (M)": 0.007677218636573025,
        "Mean Western (F)": -0.014404196292161942,
        "Std Western (F)": 0.006122619200597513
    },
    "WEAT for clothing-male": {
        "Score": -0.07153265956567034,
        "Mean Arab (M)": -0.01662175798788666,
        "Std Arab (M)": 0.0073955564096666445,
        "Mean Western (F)": -0.016105018258094784,
        "Std Western (F)": 0.007047919410630305
    },
    "WEAT for food": {
        "Score": -0.13474153235196937,
        "Mean Arab (M)": -0.016610949318855983,
        "Std Arab (M)": 0.007861918984669288,
        "Mean Western (F)": -0.015527701936662192,
        "Std Western (F)": 0.008213138245579685
    },
    "WEAT for location": {
        "Score": 0.3854079336049316,
        "Mean Arab (M)": -0.013787368312478076,
        "Std Arab (M)": 0.009322391859839282,
        "Mean Western (F)": -0.01686859982088208,
        "Std Western (F)": 0.00639721456164329
    },
    "WEAT for names-female": {
        "Score": 0.4489515470380192,
        "Mean Arab (M)": -0.010406443681567906,
        "Std Arab (M)": 0.009355319805618103,
        "Mean Western (F)": -0.014572827368974695,
        "Std Western (F)": 0.009204572876215534
    },
    "WEAT for names-male": {
        "Score": 0.605312048873213,
        "Mean Arab (M)": -0.004655570462346076,
        "Std Arab (M)": 0.00877315719655034,
        "Mean Western (F)": -0.009651092886924739,
        "Std Western (F)": 0.007697356698486669
    },
    "WEAT for religious places": {
        "Score": 1.900501743748894,
        "Mean Arab (M)": -0.0064003971032798364,
        "Std Arab (M)": 0.007172200719187536,
        "Mean Western (F)": -0.017082464210689062,
        "Std Western (F)": 0.0034268194330449074
    },
    "WEAT for sports clubs": {
        "Score": 0.7726534179602842,
        "Mean Arab (M)": -0.011526899877935658,
        "Std Arab (M)": 0.009233303825529138,
        "Mean Western (F)": -0.01727720247581601,
        "Std Western (F)": 0.005051845713143145
    },
    "SEAT": {
        "Score": 0.3808384488970232,
        "Mean Arab (M)": -0.006043646474927662,
        "Std Arab (M)": 0.004590064611936934,
        "Mean Western (F)": -0.007719730367511509,
        "Std Western (F)": 0.004203516433623894
    },
    "SEAT for authors": {
        "Score": 0.19801316890513823,
        "Mean Arab (M)": -0.007740934491157532,
        "Std Arab (M)": 0.0035778057217760364,
        "Mean Western (F)": -0.008454473070800298,
        "Std Western (F)": 0.0036289935610532347
    },
    "SEAT for beverage": {
        "Score": 0.02400353058555854,
        "Mean Arab (M)": -0.0073402733430266275,
        "Std Arab (M)": 0.003831513242708839,
        "Mean Western (F)": -0.007428614519536486,
        "Std Western (F)": 0.0035226872210774155
    },
    "SEAT for clothing-female": {
        "Score": 0.44055407699239313,
        "Mean Arab (M)": -0.008202200662344694,
        "Std Arab (M)": 0.002147038917740026,
        "Mean Western (F)": -0.00915256209671498,
        "Std Western (F)": 0.0021673052181542043
    },
    "SEAT for clothing-male": {
        "Score": 0.15995557860758786,
        "Mean Arab (M)": -0.008594980988651512,
        "Std Arab (M)": 0.005700031541053728,
        "Mean Western (F)": -0.00950751252099872,
        "Std Western (F)": 0.005709776200349987
    },
    "SEAT for food": {
        "Score": -0.07438543790967414,
        "Mean Arab (M)": -0.007747903864830736,
        "Std Arab (M)": 0.0035018373127839847,
        "Mean Western (F)": -0.007483203191310166,
        "Std Western (F)": 0.003614276923121462
    },
    "SEAT for location": {
        "Score": 0.5238217867816126,
        "Mean Arab (M)": -0.0044424242749810175,
        "Std Arab (M)": 0.0029174543526771083,
        "Mean Western (F)": -0.005912426900118589,
        "Std Western (F)": 0.0026905636186899695
    },
    "SEAT for names-female": {
        "Score": 0.8711847008851343,
        "Mean Arab (M)": -0.0014838144332170488,
        "Std Arab (M)": 0.0031696183179626214,
        "Mean Western (F)": -0.004574797164648771,
        "Std Western (F)": 0.003889787135706796
    },
    "SEAT for names-male": {
        "Score": 1.0481468074286386,
        "Mean Arab (M)": -0.0022168210707604885,
        "Std Arab (M)": 0.004169743907905494,
        "Mean Western (F)": -0.006149485249072303,
        "Std Western (F)": 0.0032815380949733396
    },
    "SEAT for religious places": {
        "Score": 1.144690315722268,
        "Mean Arab (M)": -0.008900618996471162,
        "Std Arab (M)": 0.003954811085070897,
        "Mean Western (F)": -0.01279120250046253,
        "Std Western (F)": 0.0027318989052967624
    },
    "SEAT for sports clubs": {
        "Score": 0.6064026073655088,
        "Mean Arab (M)": -0.003766492623835801,
        "Std Arab (M)": 0.0035034195175453462,
        "Mean Western (F)": -0.005743026461452245,
        "Std Western (F)": 0.0029956584847647297
    },
    "SAME-terms": {
        "Arab": 0.012672592901508324,
        "Western": 0.014116149090696126
    },
    "SAME-sentences": {
        "Arab": 0.0049458222841785755,
        "Western": 0.005683382447808981
    },
    "SAME for authors terms": {
        "Arab": 0.009748589069931767,
        "Western": 0.012835413217544556
    },
    "SAME for beverage terms": {
        "Arab": 0.01769975193310529,
        "Western": 0.01435476541519165
    },
    "SAME for clothing-female terms": {
        "Arab": 0.015237999591045081,
        "Western": 0.012088122975546867
    },
    "SAME for clothing-male terms": {
        "Arab": 0.014682350686052814,
        "Western": 0.01442026257282123
    },
    "SAME for food terms": {
        "Arab": 0.01626797392964363,
        "Western": 0.01432301900931634
    },
    "SAME for location terms": {
        "Arab": 0.014170953456778079,
        "Western": 0.015732037875568494
    },
    "SAME for names-female terms": {
        "Arab": 0.01102498077088967,
        "Western": 0.01549134897068143
    },
    "SAME for names-male terms": {
        "Arab": 0.008024813458905555,
        "Western": 0.009964326093904675
    },
    "SAME for religious places terms": {
        "Arab": 0.007657651026966051,
        "Western": 0.01600386812351644
    },
    "SAME for sports clubs terms": {
        "Arab": 0.0122108650917653,
        "Western": 0.015948326652869584
    },
    "SAME for authors sentences": {
        "Arab": 0.009748589069931767,
        "Western": 0.012835413217544556
    },
    "SAME for beverage sentences": {
        "Arab": 0.01769975193310529,
        "Western": 0.01435476541519165
    },
    "SAME for clothing-female sentences": {
        "Arab": 0.015237999591045081,
        "Western": 0.012088122975546867
    },
    "SAME for clothing-male sentences": {
        "Arab": 0.014682350686052814,
        "Western": 0.01442026257282123
    },
    "SAME for food sentences": {
        "Arab": 0.01626797392964363,
        "Western": 0.01432301900931634
    },
    "SAME for location sentences": {
        "Arab": 0.014170953456778079,
        "Western": 0.015732037875568494
    },