{
    "normality_tests": {
        "Arab": {
            "shapiro_wilk": {
                "statistic": 0.7332303524017334,
                "p_value": 1.166052190405994e-17,
                "normal": false
            },
            "kolmogorov_smirnov": {
                "statistic": 0.9999547843529427,
                "p_value": 0.0,
                "normal": false
            }
        },
        "Western": {
            "shapiro_wilk": {
                "statistic": 0.7844476699829102,
                "p_value": 7.001678632935677e-16,
                "normal": false
            },
            "kolmogorov_smirnov": {
                "statistic": 0.9999440955054849,
                "p_value": 0.0,
                "normal": false
            }
        }
    },
    "statistical_tests": {
        "mann_whitney_u": {
            "statistic": 21804.5,
            "p_value": 0.11867448395057037,
            "significant": false
        }
    }
}