{
    "WEAT": {
        "Score": 0.1894264694358641,
        "Mean Arab (M)": 0.0064942159388156175,
        "Std Arab (M)": 0.026735883789711968,
        "Mean Western (F)": 0.001781820808697377,
        "Std Western (F)": 0.022867882117130235
    },
    "WEAT for authors": {
        "Score": -0.04440961853856634,
        "Mean Arab (M)": 0.0051477382035227505,
        "Std Arab (M)": 0.025829696936682904,
        "Mean Western (F)": 0.006141426147369208,
        "Std Western (F)": 0.018279874539849916
    },
    "WEAT for beverage": {
        "Score": -0.27043188483667663,
        "Mean Arab (M)": -0.007989186831400721,
        "Std Arab (M)": 0.024397253676769214,
        "Mean Western (F)": -0.001814794187375815,
        "Std Western (F)": 0.021150364952982066
    },
    "WEAT for clothing-female": {
        "Score": 0.002415044708584669,
        "Mean Arab (M)": -0.011049898837809454,
        "Std Arab (M)": 0.023217291234764348,
        "Mean Western (F)": -0.011104481080546982,
        "Std Western (F)": 0.02196726996705921
    },
    "WEAT for clothing-male": {
        "Score": 0.37476399494039864,
        "Mean Arab (M)": -0.013999011063424419,
        "Std Arab (M)": 0.017453618758550973,
        "Mean Western (F)": -0.021259230566211033,
        "Std Western (F)": 0.021118243563626096
    },
    "WEAT for food": {
        "Score": -0.4397908294510602,
        "Mean Arab (M)": -0.010463848896324634,
        "Std Arab (M)": 0.018175450284534538,
        "Mean Western (F)": -0.001592212507966903,
        "Std Western (F)": 0.021988734043834047
    },
    "WEAT for location": {
        "Score": 0.7393756223423512,
        "Mean Arab (M)": 0.015104425863828524,
        "Std Arab (M)": 0.01710480752130075,
        "Mean Western (F)": 0.003743174802511934,
        "Std Western (F)": 0.013403503570226816
    },
    "WEAT for names-female": {
        "Score": 0.7403831158072055,
        "Mean Arab (M)": 0.018578614192083474,
        "Std Arab (M)": 0.027846443555264312,
        "Mean Western (F)": 0.0013044797269685688,
        "Std Western (F)": 0.017699688434624928
    },
    "WEAT for names-male": {
        "Score": 0.9609119029595501,
        "Mean Arab (M)": 0.035389432646334165,
        "Std Arab (M)": 0.019528179005729167,
        "Mean Western (F)": 0.01416095320164459,
        "Std Western (F)": 0.02438779225727656
    },
    "WEAT for religious places": {
        "Score": 0.4555878197839859,
        "Mean Arab (M)": 0.023893274627625954,
        "Std Arab (M)": 0.013543712761278774,
        "Mean Western (F)": 0.017426766895223406,
        "Std Western (F)": 0.014815327674183275
    },
    "WEAT for sports clubs": {
        "Score": -0.0217060602378363,
        "Mean Arab (M)": 0.010330619483720525,
        "Std Arab (M)": 0.02189527275949222,
        "Mean Western (F)": 0.010812125655356797,
        "Std Western (F)": 0.022467100710379058
    },
    "SEAT": {
        "Score": -0.0770094640992405,
        "Mean Arab (M)": 0.00664730358426805,
        "Std Arab (M)": 0.016105286898038203,
        "Mean Western (F)": 0.007870265507686417,
        "Std Western (F)": 0.015652831178400647
    },
    "SEAT for authors": {
        "Score": -0.12166678290970273,
        "Mean Arab (M)": 0.010720225313247282,
        "Std Arab (M)": 0.018509265774328883,
        "Mean Western (F)": 0.012901872669695873,
        "Std Western (F)": 0.017334138097639548
    },
    "SEAT for beverage": {
        "Score": 0.21989053822449584,
        "Mean Arab (M)": 0.0018178468709811634,
        "Std Arab (M)": 0.011056269510744779,
        "Mean Western (F)": -0.000728703487664461,
        "Std Western (F)": 0.012082947183570666
    },
    "SEAT for clothing-female": {
        "Score": 0.20648336558709804,
        "Mean Arab (M)": 0.016481631907634436,
        "Std Arab (M)": 0.01101227513349971,
        "Mean Western (F)": 0.01408175500202923,
        "Std Western (F)": 0.01220246737678148
    },
    "SEAT for clothing-male": {
        "Score": 0.24375105121346188,
        "Mean Arab (M)": 0.008420751107856632,
        "Std Arab (M)": 0.016687193869229115,
        "Mean Western (F)": 0.004147331577725708,
        "Std Western (F)": 0.018337740666536193
    },
    "SEAT for food": {
        "Score": -0.4084572454297285,
        "Mean Arab (M)": 0.003181819695048032,
        "Std Arab (M)": 0.01343711326874683,
        "Mean Western (F)": 0.008358765802346175,
        "Std Western (F)": 0.011862726123364153
    },
    "SEAT for location": {
        "Score": -0.1532959953408815,
        "Mean Arab (M)": -0.0027082386948168286,
        "Std Arab (M)": 0.018888364827095463,
        "Mean Western (F)": 0.00011267168074846345,
        "Std Western (F)": 0.017901856339098736
    },
    "SEAT for names-female": {
        "Score": -0.20607694828717524,
        "Mean Arab (M)": 0.005580212421715267,
        "Std Arab (M)": 0.01353172562862513,
        "Mean Western (F)": 0.00813703297823667,
        "Std Western (F)": 0.01116984535953287
    },
    "SEAT for names-male": {
        "Score": 0.06083798557140119,
        "Mean Arab (M)": 0.009214903999119997,
        "Std Arab (M)": 0.016714907989939628,
        "Mean Western (F)": 0.008201756851747632,
        "Std Western (F)": 0.016591262700508338
    },
    "SEAT for religious places": {
        "Score": -0.12371249204000241,
        "Mean Arab (M)": 0.007779065632261344,
        "Std Arab (M)": 0.01847840623625287,
        "Mean Western (F)": 0.009894973503425714,
        "Std Western (F)": 0.015607789598646457
    },
    "SEAT for sports clubs": {
        "Score": -0.6176321251579513,
        "Mean Arab (M)": 0.005984817589633164,
        "Std Arab (M)": 0.011798481585835593,
        "Mean Western (F)": 0.013595198498573158,
        "Std Western (F)": 0.012823909139721307
    },
    "SAME-terms": {
        "Arab": 0.029400849482044578,
        "Western": 0.02341559173539281
    },
    "SAME-sentences": {
        "Arab": 0.017184917912818492,
        "Western": 0.017512352496385573
    },
    "SAME for authors terms": {
        "Arab": 0.028846600372344256,
        "Western": 0.019126906385645272
    },
    "SAME for beverage terms": {
        "Arab": 0.028573048859834672,
        "Western": 0.0212492395658046
    },
    "SAME for clothing-female terms": {
        "Arab": 0.027558832429349422,
        "Western": 0.027260990673676135
    },
    "SAME for clothing-male terms": {
        "Arab": 0.026305376924574374,
        "Western": 0.034480809699743986
    },
    "SAME for food terms": {
        "Arab": 0.025778647139668466,
        "Western": 0.021906419564038514
    },
    "SAME for location terms": {
        "Arab": 0.021034880517981948,
        "Western": 0.014339014748111367
    },
    "SAME for names-female terms": {
        "Arab": 0.036054707155562936,
        "Western": 0.016418256470933555
    },
    "SAME for names-male terms": {
        "Arab": 0.04542122227139771,
        "Western": 0.02981664570979774
    },
    "SAME for religious places terms": {
        "Arab": 0.02832829738035798,
        "Western": 0.02439586534164846
    },
    "SAME for sports clubs terms": {
        "Arab": 0.026106881769374014,
        "Western": 0.02516176919452846
    },
    "SAME for authors sentences": {
        "Arab": 0.028846600372344256,
        "Western": 0.019126906385645272
    },
    "SAME for beverage sentences": {
        "Arab": 0.028573048859834672,
        "Western": 0.0212492395658046
    },
    "SAME for clothing-female sentences": {
        "Arab": 0.027558832429349422,
        "Western": 0.027260990673676135
    },
    "SAME for clothing-male sentences": {
        "Arab": 0.026305376924574374,
        "Western": 0.034480809699743986
    },
    "SAME for food sentences": {
        "Arab": 0.025778647139668466,
        "Western": 0.021906419564038514
    },
    "SAME for location sentences": {
        "Arab": 0.021034880517981948,
        "Western": 0.014339014748111367
    },